id,type,unit_id,title,release_date,now_available
1,U,1,Introduction,available July 10,True
2,U,2,Malicious Software,available July 11,True
3,A,The,Theoretical assessment,,True
4,U,3,Metasploit Framework,available July 11,True
5,U,4,Creating Malware:Basic,available July 12,True
6,A,Bas,Metasploit assessment,,True
7,U,5,Creating Malware:Advanced,available July 17,True
8,U,6,Evasion and obfuscation,available July 18,True
9,U,7,Creating your own payload,available July 19,True
10,A,Fin,Final assessment,,True
11,O,/assets/pdf/Readme.pdf,README:VM configurations,,True
12,O,/assets/pdf/Linux-Cheat-Sheet.pdf,Extra:Linux cheatsheet,,True
13,O,/unit?unit=3&lesson=4, Supporting Cheat-Sheets,,True